{"cameraMode":{"drawMode":0,"name":"Shaded","section":"Shading Mode"},"sceneLighting":true,"audioPlay":false,"sceneViewState":{"m_AlwaysRefresh":false,"showFog":true,"showSkybox":true,"showFlares":true,"showImageEffects":true,"showParticleSystems":true,"showVisualEffectGraphs":true,"m_FxEnabled":true},"in2DMode":false,"pivot":{"x":0.5129823684692383,"y":3.7985332012176515,"z":0.15629220008850099},"rotation":{"x":0.18579834699630738,"y":0.516631007194519,"z":-0.11596820503473282,"w":0.8277214765548706},"size":3.652622699737549,"orthographic":false}